review,sentiment,explanation,evident_phrases,confidence,label
"A true masterpiece of our time. The visuals, the score, the emotional depth... everything is perfect. Nolan has outdone himself. A cinematic experience that will be remembered for generations.",positive,"The review uses strong positive language like ""masterpiece"" and ""perfect"" to describe the movie, highlighting its visuals, score, and emotional depth. The reviewer believes it is a significant cinematic achievement.","['true masterpiece of our time', 'everything is perfect', 'cinematic experience that will be remembered for generations']",0.98,Positive
Absolutely breathtaking. This isn't just a movie; it's an experience. The story is complex yet deeply human. Hans Zimmer's score is a character in itself. Left the theater speechless.,positive,"The review uses overwhelmingly positive language like ""absolutely breathtaking"" and ""experience"" to describe the movie. Phrases like ""complex yet deeply human"" and the mention of Hans Zimmer","['Absolutely breathtaking', ""it's an experience"", 'complex yet deeply human', 'score is a character in itself', 'Left the theater speechless']",0.98,Positive
"Mind-bending and emotionally resonant. Interstellar explores profound concepts about love, time, and sacrifice with stunning visuals and a powerful narrative. A must-see for any sci-fi fan.",positive,"The review uses highly positive language like ""mind-bending,"" ""emotionally resonant,"" ""stunning visuals,"" and ""powerful narrative"" to describe the movie. It explicitly recommends the movie as a ""must-see"" for sci-fi fans.","['Mind-bending', 'emotionally resonant', 'stunning visuals', 'powerful narrative', 'A must-see']",0.95,Positive
"One of the best films I have ever seen. The scale is epic, but the core of the story is an intimate tale of a father and daughter. McConaughey gives a career-best performance.",positive,"The review uses strong positive language like ""best films ever"" and praises the performance and scale of the movie.","['best films I have ever seen', 'career-best performance']",0.98,Positive
"Pure cinematic genius. The practical effects are incredible, and the scientific concepts are handled with intelligence and respect. This film challenges you to think and feel.",positive,"The review uses strong positive language like ""cinematic genius"" and ""incredible"" to describe the film's effects and intellectual depth. It highlights the film's ability to engage the viewer on both a cognitive and emotional level.","['Pure cinematic genius', 'incredible', 'intelligence and respect', 'challenges you to think and feel']",0.95,Positive
An emotional roller coaster from start to finish. I was completely invested in the characters and their journey. The ending was both satisfying and thought-provoking.,positive,"The review expresses strong positive emotions like being ""invested"" in the characters and finding the ending ""satisfying and thought-provoking."" The phrase ""emotional roller coaster"" in this context suggests an engaging and positive experience.","['completely invested in the characters and their journey', 'ending was both satisfying and thought-provoking']",0.95,Positive
"Christopher Nolan's magnum opus. It's ambitious, intelligent, and visually spectacular. This is what cinema is all about. An unforgettable journey through space and time.",positive,"The review uses highly positive adjectives like ""magnum opus,"" ""ambitious,"" ""intelligent,"" and ""spectacular"" to describe the movie, clearly indicating a positive sentiment. Phrases like ""what cinema is all about"" and ""unforgettable journey"" further reinforce this positive evaluation.","['magnum opus', 'ambitious, intelligent, and visually spectacular', 'what cinema is all about', 'An unforgettable journey']",0.95,Positive
A beautiful and hopeful film. It tackles big ideas without ever losing its emotional heart. The 'docking' scene is one of the most intense sequences I've ever witnessed.,positive,"The review uses strongly positive language like ""beautiful"" and ""hopeful,"" and highlights intense, emotionally resonant scenes, indicating a positive sentiment.","['beautiful and hopeful film', 'without ever losing its emotional heart', ""most intense sequences I've ever witnessed""]",0.95,Positive
"Stunning in every aspect. The cinematography is gorgeous, the acting is top-notch, and the story is profoundly moving. It's a film that stays with you long after the credits roll.",positive,"The review is overwhelmingly positive, highlighting excellent cinematography, acting, and a moving story. The phrases used express strong admiration and lasting impact.","['Stunning in every aspect', 'cinematography is gorgeous', 'acting is top-notch', 'story is profoundly moving', 'stays with you long after the credits roll']",0.95,Positive
Visually stunning and emotionally powerful. The themes of love transcending dimensions are handled beautifully. This film made me cry and think in equal measure.,positive,"The review uses strong positive adjectives like ""visually stunning"" and ""emotionally powerful"" to describe the film. Phrases like ""handled beautifully"" and the emotional impact (""made me cry and think"") further support a positive sentiment.","['Visually stunning', 'emotionally powerful', 'handled beautifully', 'made me cry and think']",0.95,Positive
This movie changed my perspective on life. It's a profound exploration of humanity's place in the universe. A brilliant and unforgettable film.,positive,"The review uses strong positive language like ""changed my perspective,"" ""profound exploration,"" and ""brilliant and unforgettable"" to express a highly favorable opinion of the film.","['changed my perspective on life', ""profound exploration of humanity's place in the universe"", 'brilliant and unforgettable film']",0.95,Positive
Incredible journey with a fantastic cast. The score by Hans Zimmer elevates every scene to another level. Truly a once-in-a-generation film.,positive,"The review uses highly positive language like ""incredible"" and ""fantastic,"" and specifically praises the score and calls the film ""once-in-a-generation,"" indicating a strong positive sentiment.","['Incredible journey', 'fantastic cast', 'elevates every scene to another level', 'Truly a once-in-a-generation film']",0.95,Positive
Nolan's direction is masterful. He balances the grand scale of space exploration with the intimate struggles of the characters perfectly. A triumph of filmmaking.,positive,"The review praises Nolan's direction, highlighting the successful balance between the epic scope of space exploration and the personal character struggles, ultimately calling it a ""triumph of filmmaking"".","['masterful', 'balances the grand scale...with the intimate struggles...perfectly', 'A triumph of filmmaking']",0.95,Positive
The science is fascinating and the story is heartbreakingly beautiful. It's a rare film that engages both the mind and the heart so completely.,positive,"The review uses strong positive language like ""fascinating"" and ""heartbreakingly beautiful"" to describe the film, highlighting its ability to engage both intellect and emotion.","['fascinating', 'heartbreakingly beautiful', 'engages both the mind and the heart']",0.95,Positive
"Beyond brilliant. It's a film that celebrates curiosity, resilience, and the enduring power of human connection. The final act is simply mind-blowing.",positive,"The review uses highly positive language like ""Beyond brilliant"" and ""mind-blowing"" to describe the film, highlighting themes of curiosity, resilience, and human connection.","['Beyond brilliant', 'celebrates curiosity, resilience, and the enduring power of human connection', 'mind-blowing']",0.95,Positive
"A towering achievement in filmmaking. The ambition is off the charts, and it delivers on every level. I was completely engrossed for the entire runtime.",positive,"The review uses strong positive language like ""towering achievement"" and ""delivers on every level"" to express a highly favorable opinion of the film.","['towering achievement', 'delivers on every level', 'completely engrossed']",0.95,Positive
Overrated and pretentious. The plot is filled with holes and the dialogue is clunky and full of exposition. The 'love' explanation was just silly.,negative,"The review uses strong negative language like ""overrated"" and ""pretentious"" to describe the movie. It criticizes the plot, dialogue, and a specific ","['Overrated and pretentious', 'plot is filled with holes', 'dialogue is clunky', 'silly']",0.95,Negative
"A bloated, self-indulgent mess. It's nearly three hours long and feels like it. The story is convoluted, and the emotional moments feel forced and unearned.",negative,"The review describes the movie as a ""bloated, self-indulgent mess"" with a ""convoluted"" story and ""forced"" emotional moments, clearly indicating a negative sentiment.","['bloated, self-indulgent mess', 'convoluted', 'forced and unearned']",0.95,Negative
"Visually impressive, but narratively bankrupt. The characters are one-dimensional, and the plot relies on nonsensical twists to resolve itself. A major disappointment.",negative,"The review explicitly states the movie is ""narratively bankrupt"" and a ""major disappointment,"" highlighting flaws in character development and plot. ","['narratively bankrupt', 'one-dimensional', 'nonsensical twists', 'major disappointment']",0.95,Negative
I found it incredibly boring. Long stretches of people talking about physics followed by more talking. The pacing is glacial. I almost fell asleep.,negative,"The reviewer explicitly states the movie was ""incredibly boring"" and describes the pacing as ""glacial,"" indicating a strong negative sentiment. The mention of almost falling asleep further emphasizes the boredom.","['incredibly boring', 'glacial', 'almost fell asleep']",0.95,Negative
"So many plot holes it's like Swiss cheese. The science is questionable at best, and the motivations of the characters often make no sense. Looks great, but that's about it.",negative,"The review criticizes the movie for numerous plot holes, questionable science, and illogical character motivations, despite acknowledging its good visuals.","['plot holes', 'Swiss cheese', 'science is questionable', 'motivations of the characters often make no sense']",0.85,Negative
"Tries too hard to be profound and ends up being laughable. The film takes itself way too seriously. The ending, in particular, was a letdown.",negative,"The review expresses strong dissatisfaction with the movie, criticizing its attempt at profundity as laughable and its serious tone as excessive. The ending is specifically called out as a letdown.","['Tries too hard to be profound and ends up being laughable', 'The film takes itself way too seriously', 'The ending, in particular, was a letdown.']",0.85,Negative
"A frustrating experience. For every interesting idea, there are two dumb ones. The sound mixing was also terrible; I could barely hear the dialogue over the loud music.",negative,"The review expresses frustration with the movie's ideas and criticizes the sound mixing, indicating a negative overall sentiment.","['frustrating experience', 'dumb ones', 'sound mixing was also terrible', 'barely hear the dialogue']",0.85,Negative
"Cold and emotionless. Despite the story being about a father's love, I felt no connection to any of the characters. It's a technical exercise without a soul.",negative,"The review describes the movie as ""cold and emotionless"" and lacking a ""soul,"" indicating a negative sentiment. The user felt no connection to the characters, further supporting the negative classification.","['Cold and emotionless', 'felt no connection to any of the characters', 'without a soul']",0.95,Negative
"A huge step down for Nolan. It lacks the tight plotting of his other films. It's an ambitious failure, full of half-baked ideas and a cheesy resolution.",negative,"The review criticizes the film for lacking tight plotting, being an ambitious failure, and having half-baked ideas and a cheesy resolution, all of which are strong indicators of a negative sentiment.","['huge step down', 'lacks the tight plotting', 'ambitious failure', 'half-baked ideas', 'cheesy resolution']",0.95,Negative
"Just couldn't get into it. The first hour on Earth was a slog, and the space part wasn't much better. Overly complicated for no good reason.",negative,"The reviewer found the movie boring and overly complicated, using phrases like ""slog"" and ""wasn't much better"" to express dissatisfaction.","[""couldn't get into it"", 'was a slog', ""wasn't much better"", 'Overly complicated']",0.85,Negative
What a drag. The movie is so enamored with its own supposed intelligence that it forgets to be entertaining. A classic case of style over substance.,negative,"The review expresses strong dissatisfaction, criticizing the movie for lacking entertainment value and prioritizing style over substance.","['What a drag', 'so enamored with its own supposed intelligence', 'forgets to be entertaining', 'style over substance']",0.95,Negative
I don't understand the hype. It's a convoluted story with bland characters and a ridiculously sentimental core. The third act completely falls apart.,negative,"The review expresses strong dissatisfaction with the movie, citing a convoluted story, bland characters, and a weak third act. The phrase ""ridiculously sentimental"" also indicates a negative emotional response.","[""don't understand the hype"", 'convoluted story', 'bland characters', 'ridiculously sentimental core', 'third act completely falls apart']",0.95,Negative
"A messy plot and poor character development. Anne Hathaway's character, in particular, was poorly written. The film's themes are hammered home with no subtlety.",negative,"The review criticizes the plot, character development, and lack of subtlety in the film's themes, indicating a negative overall sentiment.","['messy plot', 'poor character development', 'poorly written', 'hammered home with no subtlety']",0.85,Negative
"Great visuals can't save a weak script. The story meanders, the dialogue is often cringeworthy, and the climax is one of the silliest things I've seen in a major blockbuster.",negative,"The review criticizes the script, dialogue, and climax, despite acknowledging the visuals. Phrases like ""weak script,"" ""cringeworthy dialogue,"" and ""silliest things"" strongly indicate a negative sentiment.","['weak script', 'dialogue is often cringeworthy', 'climax is one of the silliest things']",0.95,Negative
"It's a beautiful-looking film, I'll give it that. But the story is a mess of pseudo-scientific babble and clichéd family drama. A hollow experience.",negative,"The review highlights positive visual aspects but criticizes the story for being nonsensical and clichéd, ultimately describing the experience as hollow.","['story is a mess', 'pseudo-scientific babble', 'clichéd family drama', 'hollow experience']",0.85,Negative
"I wanted to like it, but the plot is just too convenient and full of holes. Characters make baffling decisions just to move the plot forward. Very disappointing.",negative,"The reviewer expresses disappointment due to a weak plot with plot holes and illogical character decisions, indicating a negative sentiment.","['plot is just too convenient and full of holes', 'Characters make baffling decisions', 'Very disappointing']",0.95,Negative
"The ending ruined the entire movie for me. It felt like a cheap cop-out that undermined the gritty, realistic tone the film had been building. A real letdown.",negative,"The reviewer expresses strong disappointment with the movie's ending, stating it ""ruined the entire movie"" and felt like a ""cheap cop-out."" This directly contradicts the established tone, leading to a negative sentiment.","['ending ruined the entire movie', 'cheap cop-out', 'undermined the gritty, realistic tone', 'A real letdown.']",0.95,Negative
"All spectacle, no heart. The film is technically impressive but emotionally vacant. I was never invested in the stakes or the characters' fates.",negative,"The review states the film lacks heart and emotional investment, despite being technically impressive. Phrases like ""no heart,"" ""emotionally vacant,"" and ""never invested"" clearly indicate a negative sentiment.","['no heart', 'emotionally vacant', 'never invested']",0.95,Negative
A confused and overlong film. It tries to be '2001: A Space Odyssey' but ends up being a cheesy melodrama with black holes. Not Nolan's best work.,negative,"The review expresses disappointment with the film, calling it ""confused and overlong"" and comparing it unfavorably to ""2001: A Space Odyssey."" The phrase ""Not Nolan","['confused and overlong', 'cheesy melodrama', ""Not Nolan's best work""]",0.85,Negative
"A visually stunning film with some interesting ideas, but the story is a bit of a mixed bag. The first half is stronger than the second.",neutral,"The review highlights positive aspects like ""visually stunning"" and ""interesting ideas"" but also points out weaknesses such as a ""mixed bag"" story and a weaker second half, leading to a neutral overall sentiment.","['visually stunning film', 'interesting ideas', 'story is a bit of a mixed bag', 'first half is stronger than the second']",0.75,Neutral
"I have mixed feelings. The scope and ambition are admirable, but the execution is flawed. Some scenes are brilliant, while others are clumsy.",neutral,"The review expresses both positive aspects (admirable scope, brilliant scenes) and negative aspects (flawed execution, clumsy scenes), resulting in a balanced or neutral overall sentiment.","['admirable', 'flawed execution', 'brilliant scenes', 'clumsy']",0.75,Neutral
"It's a good movie, but not the masterpiece everyone claims it is. The plot has some noticeable holes, and the heavy-handed emotional beats didn't always land.",neutral,"The review expresses a mixed opinion, acknowledging some positive aspects (""good movie"") but also highlighting significant flaws (""noticeable holes,"" ""heavy-handed emotional beats""). This balance prevents a purely positive or negative classification.","['good movie', 'not the masterpiece', 'noticeable holes', 'heavy-handed emotional beats']",0.75,Neutral
"An interesting concept, though I felt the ending was a bit too convenient. The journey was compelling, but the destination was somewhat underwhelming.",neutral,"The reviewer found the concept interesting and the journey compelling, but ultimately felt the ending was too convenient and the destination underwhelming, indicating a negative overall sentiment.","['ending was a bit too convenient', 'destination was somewhat underwhelming']",0.75,Negative
"Decent sci-fi flick. The visuals and score are outstanding, but the script could have used another polish. Some of the dialogue felt unnatural.",neutral,"The review has mixed elements, praising the visuals and score while criticizing the script and dialogue.","['Decent sci-fi flick', 'visuals and score are outstanding', 'script could have used another polish', 'dialogue felt unnatural']",0.75,Neutral
"Worth watching for the spectacle alone, but don't think too hard about the plot. It's an entertaining ride with some emotional moments, but it's far from perfect.",neutral,"The review suggests the movie is ""worth watching"" and an ""entertaining ride,"" indicating a positive overall sentiment despite some plot weaknesses.","['Worth watching for the spectacle alone', 'entertaining ride']",0.75,Positive
"I enjoyed parts of it. The exploration of time dilation was fascinating. However, the 'power of love' theme felt a bit cheesy and out of place in a hard sci-fi film.",neutral,"The review expresses mixed feelings, appreciating the scientific concepts but criticizing the thematic elements.","['enjoyed parts of it', 'fascinating', 'felt a bit cheesy and out of place']",0.75,Neutral
"The performances are strong and the film is technically brilliant. My main issue is with the pacing, which drags in certain places, especially in the first act.",neutral,"The review highlights strong performances and technical brilliance, indicating a positive overall impression despite some criticisms about pacing.","['performances are strong', 'film is technically brilliant']",0.75,Positive
"Good, but flawed. The film's biggest strength is its sense of wonder and exploration. Its biggest weakness is a script that sometimes prioritizes exposition over character.",neutral,"The review highlights both positive aspects (sense of wonder and exploration) and negative aspects (script prioritizing exposition over character), leading to a balanced, neutral sentiment.","['Good, but flawed', 'biggest strength is its sense of wonder and exploration', 'biggest weakness is a script that sometimes prioritizes exposition over character']",0.75,Neutral
"An enjoyable watch, but it's not a film I feel the need to see again. The visuals were amazing on the big screen, but the story itself didn't leave a lasting impact on me.",neutral,"The reviewer found the movie enjoyable and praised the visuals, but ultimately felt the story lacked impact and did not warrant a rewatch.","['enjoyable watch', 'visuals were amazing', ""story itself didn't leave a lasting impact""]",0.75,Neutral
"I liked the scientific concepts it explored, but the family drama aspect felt a bit generic. It's a 7/10 film for me - good but not great.",neutral,"The review expresses a mixed but generally positive sentiment, appreciating the scientific concepts while finding the family drama lacking. The 7/10 rating indicates it was considered good but not outstanding.","['liked the scientific concepts', 'family drama aspect felt a bit generic', 'good but not great']",0.7,Neutral
"The movie is a bit uneven. The scenes in space are incredible, but the storyline on Earth with the adult children is less compelling.",neutral,"The review expresses mixed feelings, praising the space scenes while criticizing the Earth-based storyline, resulting in a neutral overall sentiment.","['incredible', 'less compelling']",0.75,Neutral
"A decent effort from Nolan. It's certainly ambitious, and I admire that. However, the film's reach sometimes exceeds its grasp, especially in the third act.",neutral,"The review acknowledges the director's ambition and effort but also points out flaws, particularly in the third act, indicating a mixed or neutral overall sentiment.","['decent effort', 'certainly ambitious', 'admire that', 'reach exceeds its grasp']",0.75,Neutral
"The film is at its best when it's exploring the unknown. The human drama is a bit hit-or-miss. Overall, a worthwhile, if imperfect, cinematic experience.",neutral,"The review indicates a positive overall experience, highlighting the film's strengths in exploring the unknown and calling it a ""worthwhile cinematic experience,"" despite some minor drawbacks in the human drama.","['at its best', 'worthwhile', 'cinematic experience']",0.75,Positive
"I found it to be a compelling watch, although I think the script has some definite weaknesses. The Matt Damon subplot felt a bit forced and unnecessary.",neutral,"The review expresses mixed feelings, calling the movie a ""compelling watch"" but also pointing out ""definite weaknesses"" in the script, specifically mentioning a ""forced and unnecessary"" subplot.","['compelling watch', 'definite weaknesses', 'forced and unnecessary']",0.75,Neutral
"It's a thought-provoking film, but the plot becomes a bit convoluted towards the end. I appreciate the attempt to do something different, even if it doesn't entirely succeed.",neutral,"The review expresses appreciation for the film's unique approach and thought-provoking nature, but also points out a significant flaw in the plot's coherence towards the end.","['thought-provoking film', 'plot becomes a bit convoluted towards the end', 'appreciate the attempt to do something different']",0.75,Neutral
"A solid movie that benefits from great performances and an amazing score. The story is interesting, though it gets a little lost in its own complexity.",neutral,"The review highlights positive aspects like great performances and an amazing score, indicating a generally positive sentiment despite a minor critique about the story's complexity.","['solid movie', 'great performances', 'amazing score', 'interesting story']",0.85,Positive
"I'm on the fence about this one. On one hand, the visuals and ideas are grand. On the other, the storytelling is a bit clunky. It's a film of great moments rather than a great whole.",neutral,"The reviewer expresses mixed feelings, appreciating the visuals and ideas but criticizing the storytelling. The film is described as having great moments but not being a great whole, indicating a neutral overall sentiment.","['On one hand, the visuals and ideas are grand.', 'On the other, the storytelling is a bit clunky.', ""It's a film of great moments rather than a great whole.""]",0.75,Neutral
